"address/city","address/country","address/postalCode","address/region","address/street","areaServed","email","firmId","geo/latitude","geo/longitude","name","phone","practiceAreas/0","practiceAreas/1","practiceAreas/2","practiceAreas/3","practiceAreas/4","practiceAreas/5","practiceAreas/6","practiceAreas/7","practiceAreas/8","practiceAreas/9","practiceAreas/10","practiceAreas/11","practiceAreas/12","practiceAreas/13","practiceAreas/14","practiceAreas/15","practiceAreas/16","practiceAreas/17","practiceAreas/18","practiceAreas/19","practiceAreas/20","practiceAreas/21","practiceAreas/22","practiceAreas/23","practiceAreas/24","practiceAreas/25","practiceAreas/26","practiceAreas/27","practiceAreas/28","practiceAreas/29","practiceAreas/30","practiceAreas/31","practiceAreas/32","practiceAreas/33","practiceAreas/34","practiceAreas/35","practiceAreas/36","practiceAreas/37","practiceAreas/38","practiceAreas/39","practiceAreas/40","practiceAreas/41","practiceAreas/42","practiceAreas/43","practiceAreas/44","practiceAreas/45","practiceAreas/46","practiceAreas/47","practiceAreas/48","practiceAreas/49","practiceAreas/50","practiceAreas/51","rating","website","type"
"Sacramento","US","95815","CA","1111 Exposition Blvd Bldg 500","California","intakecoordinator@yorklawfirm.net","MzQ0OTc0M18x","38.5992838","-121.4488318","York Law Firm","+1-855-336-7941","Elder Law and Wrongful Death","Elder Law","Elder Abuse and Neglect","Wrongful Death",,,,,,,,,,,,,,,,,,,,,,,,,,,,,,,,,,,,,,,,,,,,,,,,,,"https://www.yorklawfirm.com","firm"
"Oakland","US","94607","CA","11 Embarcadero West Suite 134","California",,"MjQ1MDMzNF8x","37.7914813","-122.268633","Law Offices of Cavin and Marks","+1-888-340-7991","Admiralty/Maritime",,,,,,,,,,,,,,,,,,,,,,,,,,,,,,,,,,,,,,,,,,,,,,,,,,,,,"https://www.sealawyer.com","firm"
"Oakland","US","94621","CA","333 Hegenberger Road #500","California","info@hill-law-offices.com","MjIzODg2M18x","37.7356796","-122.1984177","Law Offices of John E. Hill","+1-510-993-3689","Personal Injury","Workers' Compensation","Civil Rights","Employment Litigation",,,,,,,,,,,,,,,,,,,,,,,,,,,,,,,,,,,,,,,,,,,,,,,,,,"https://www.hill-law-offices.com/","firm"
"Merced","US","95340","CA","728 West 19th Street","California","curry.curry@att.net","MTYwMDE2NF8x","37.3045951","-120.4860518","Curry and Curry","+1-209-992-3989","Trusts and Estates","Estate Planning","Personal Injury","Auto Accidents","Truck Accidents","Motorcycle Accidents","Nursing Home Abuse","Catastrophic Injuries","Wrongful Death","Dog Bites",,,,,,,,,,,,,,,,,,,,,,,,,,,,,,,,,,,,,,,,,,,,"https://www.curryandcurrylaw.com/","firm"
"Oakland","US","94621","CA","333 Hegenberger Rd Suite 500","California","chris@scrantonlawfirm.com","NTM4NjgxM18x","37.7356796","-122.1984177","Scranton Law Firm","+1-925-378-5997","Personal Injury","Motor Vehicle Accidents","Mass Tort",,,,,,,,,,,,,,,,,,,,,,,,,,,,,,,,,,,,,,,,,,,,,,,,,,,"https://scrantonlawfirm.com/,https://slfmoto.com/","firm"
"Berkeley","US","94710","CA","1816 Fifth St","California","scott@scottherndonlaw.com","NTE4MzY1Ml8x","37.8696137","-122.2996564","The Law Office of Scott R. Herndon, PC","+1-415-907-7082","Sex Offenses","Personal Injury","Civil Sexual Assault","Sexual Harassment","High-profile Employment Law Matters",,,,,,,,,,,,,,,,,,,,,,,,,,,,,,,,,,,,,,,,,,,,,,,,"5","https://www.scottherndonlaw.com/","firm"
"Oakland","US","94607","CA","101 Broadway Suite 264","California","leads@setarehfirm.com","NTM4ODEzM18x","37.7956924","-122.2770386","Setareh Law, APLC","+1-213-255-4534","Personal Injury","Motor Vehicle Accident","Car Accident","Trucking Accident","Motorcycle Accident","Slip & Fall","Premises Liability",,,,,,,,,,,,,,,,,,,,,,,,,,,,,,,,,,,,,,,,,,,,,,,"https://setarehlaw.lawfirms.com/slip-and-fall,https://setarehlaw.lawfirms.com/motor-vehicle-accidents/","firm"
"Oakland","US","94607","CA","66 Franklin St Suite 300","California","eagustin@jacobyandmeyers.com","NTM3OTYxMF8x","37.7943382","-122.2754974","Jacoby & Meyers Accident & Injury Lawyers","+1-510-616-9169","Personal Injury","Automobile accidents","Bicyclists","Pedestrians","Truck Drivers","Uber and Lyft","Slip and Fall","Dog Bites","Construction Accidents","Scooter Accidents","Wrongful Death",,,,,,,,,,,,,,,,,,,,,,,,,,,,,,,,,,,,,,,,,,,"https://www.jacobyandmeyers.com/oakland-personal-injury-attorney/","firm"
"Oakland","US","94607","CA","111 Broadway Second Floor","California",,"NDM2Mjg1MV8x","37.797814","-122.280489","Viadro Law LLP","+1-510-907-9577","Personal Injury","Employment Law","Workers' Compensation",,,,,,,,,,,,,,,,,,,,,,,,,,,,,,,,,,,,,,,,,,,,,,,,,,"5","https://www.butlerviadro.com","firm"
"Oakland","US","94612","CA","1498 Alice Street","California","james.barnes@dolanlawfirm.com","Mzk5MzUyMV8x","37.8037668","-122.2653223","Dolan Law Firm","+1-415-735-3391","Personal Injury","Elder Abuse","Employee Related Cases",,,,,,,,,,,,,,,,,,,,,,,,,,,,,,,,,,,,,,,,,,,,,,,,,,,"https://dolanlawfirm.com/","firm"
"Oakland","US","94612","CA","1901 Harrison Street Suite 1100","California",,"NTIwODA1MV8x","37.8068161","-122.2656174","The Accident Guys","+1-888-616-4560","Car Accidents/Motor Vehicle Accidents","Personal Injury",,,,,,,,,,,,,,,,,,,,,,,,,,,,,,,,,,,,,,,,,,,,,,,,,,,,"https://calltheaccidentguys.com/oakland?utm_source=findlaw","firm"
"Oakland","US","94610","CA","427 Grand Ave","California",,"MjUxMDMzMF8x","37.8084831","-122.2531815","Law Offices of Robert G. Schock","+1-510-922-0887","Personal Injury","Wrongful Death","Catastrophic Injuries","Sexual Abuse","Medical Malpractice","Motor Vehicle Accidents","Trucking Accidents","Premises Liability","Product Liability","Nursing Home Abuse","Dog Bites","Accidents & Injuries",,,,,,,,,,,,,,,,,,,,,,,,,,,,,,,,,,,,,,,,,"0.5","https://www.robertgschock.com","firm"
"Oakland","US","94612","CA","1999 Harrison St Suite 1890","California",,"NTM3MDAyOV8x","37.8077164","-122.2650452","Heidari Law Group","+1-877-322-1552","Personal Injury - General",,,,,,,,,,,,,,,,,,,,,,,,,,,,,,,,,,,,,,,,,,,,,,,,,,,,,"https://www.heidarilawgroup.com/","firm"
"Oakland","US","94612","CA","505 14th Street Suite 900-9051","California","jsanchez@jnylaw.com","NTM3NzE0NF8x","37.731266","-122.1611252","J&Y Law","+1-844-204-5169","Personal Injury","Motor Vehicle Accidents","Ride Share","Elder Abuse","Wrongful Death","Pedestrian",,,,,,,,,,,,,,,,,,,,,,,,,,,,,,,,,,,,,,,,,,,,,,,,"https://jnylaw.com/","firm"
"Oakland","US","94612-3603","CA","1 Kaiser Plz. Ste. 330","California",,"MTEzMjE2Nl8x","37.8099758","-122.2641173","David I. Fischer","+1-510-834-0800","Personal Injury",,,,,,,,,,,,,,,,,,,,,,,,,,,,,,,,,,,,,,,,,,,,,,,,,,,,,"https://www.davidifischerlawfirm.com","firm"
"Oakland","US","94602","CA","1437 Leimert Boulevard Suite B","California",,"MjU1MTI3M18x","37.811534","-122.2125295","Sack Rosendin Inc.","+1-510-270-5559","Personal Injury","Business Litigation","Real Estate Law",,,,,,,,,,,,,,,,,,,,,,,,,,,,,,,,,,,,,,,,,,,,,,,,,,,"https://www.sackrosendin.com","firm"
"San Francisco","US","94105","CA","19 Tehama Street Suite A","California",,"MTYxMjM2MV8x","37.7875481","-122.3959351","Abramson Smith Waldsmith LLP","+1-415-685-0566","Medical Malpractice","Catastrophic Injuries","Brain Injury","Personal Injury Defective Products","Elder Abuse","Motor Vehicle Accidents","Cycling Accidents","Premises Liability","Defective Products",,,,,,,,,,,,,,,,,,,,,,,,,,,,,,,,,,,,,,,,,,,,"5","https://www.aswllp.com","firm"
"San Leandro","US","94577","CA","433 Callan Avenue Suite 302","California",,"NTE2MzA2Nl8x","37.7268747","-122.1518527","Katzakian Law P.C.","+1-888-724-4138","Workers' Compensation",,,,,,,,,,,,,,,,,,,,,,,,,,,,,,,,,,,,,,,,,,,,,,,,,,,,,"https://www.attorneybo.com/","firm"
"San Francisco","US","94104","CA","One Sansome Street Suite 3500","California","pc@westcoasttriallawyers.com","NTM4ODAyNF8x","37.7903214","-122.4007568","West Coast Trial Lawyers","+1-844-715-3604","Personal Injury","Motor Vehicle Accident","Car Accident","Trucking Accident","Motorcycle Accident","Slip & Fall","Premises Liability","Dog Bite","Employment Law","Employment & Labor","Sexual Harassment","Discrimination","Wage & Hour","Wrongful Termination","Class Action","Disability Discrimination","Pregnancy Discrimination","Gender Discrimination","Religious Discrimination","Age Discrimination","Racial Discrimination","Wrongful Death","Brain Injury",,,,,,,,,,,,,,,,,,,,,,,,,,,,,,,"https://westcoast.lawfirms.com/motor-vehicle-accidents-ca/,https://westcoastemployment.lawfirms.com/employment-law/","firm"
"San Jose","US","95126","CA","1550 The Alameda Suite 100","California",,"MTM2OTE2NV8x","37.3352585","-121.9154205","Jachimowicz Law Group","+1-408-550-1732","Criminal Law","Employment Law","Civil Litigation","Animal Bites","Brain Injury","Burn Injuries","Motor Vehicle Accidents","Premises Liability","Sexual Abuse","Wrongful Death","Motorcycle Injuries","Trucking Accidents","Catastrophic Injury","Drug Crimes","Insurance Law","Business Litigation","Soft Tissue Injuries","Spinal Cord Injuries","Traumatic Brain Injuries","Workers' Compensation","Elder Abuse","Construction Accidents","Construction Defects","Forklift Accidents","Cherry Picker Bucket Truck","Third Party Injuries","White Collar Crimes","RICO Cases","Tax","Theft/Embezzlement","Assault And Battery","Homicide, Murder And Manslaughter","Hit-And-Run Accidents","Sexual Harassment","Reckless Driving/Speed Contests","Sex Crimes","Child Molestation","Child Pornography","Online Sex Crimes","Prostitution","Product Liability","Disability","Discrimination","Employer Representation","Employment Discrimination","ERISA","Whistleblower","Wrongful Termination","Gender Discrimination","Life, Health, And Disability Insurance","Bad Faith","Fraud",,"https://www.jachlawgroup.com","firm"
"San Francisco","US","94105","CA","149 New Montgomery St Suite 431","California",,"NTM4NDg5OV8x","37.786972","-122.3995972","DK Law – Injury, Accident, and More","+1-877-693-0907","Car Accidents 100%","Truck Accidents","Motorcycle Accidents","Bike Accidents","Personal Injury","Pedestrian Accidents","Wrongful Death","Rideshare Accidents","Dog Bite","Slip & Fall",,,,,,,,,,,,,,,,,,,,,,,,,,,,,,,,,,,,,,,,,,,,"https://dklaw.com/?utm_source=directory&utm_medium=organic&utm_content=listing&utm_campaign=findlaw","firm"
"San Francisco","US","94104","CA","One Sansome Street Suite 1400","California",,"MzczMzY5OV8x","37.7904472","-122.4011536","Law Office of Daniel H. Rose","+1-415-946-8900","Personal Injury -- Plaintiffs","Wrongful Death - Plaintiffs","Bike Accidents - Plaintiffs","Car Accidents - Plaintiffs","Drunk Driving Injuries - Plaintiffs","Pedestrian Accidents - Plaintiffs",,,,,,,,,,,,,,,,,,,,,,,,,,,,,,,,,,,,,,,,,,,,,,,,"https://www.mediatorsfbay.com/,http://www.danroselaw.com","firm"
"San Francisco","US","94104","CA","44 Montgomery","California",,"NDg2NzcyNF8x","37.7897312","-122.401906","Glickman & Glickman","+1-310-746-5116","Personal Injury",,,,,,,,,,,,,,,,,,,,,,,,,,,,,,,,,,,,,,,,,,,,,,,,,,,,,"https://www.glickman-law.com","firm"
"San Francisco","US","94102","CA","870 Market St Suite 611","California","maria@flexmediaagency.com","NTM5MTA0Ml8x","37.7848816","-122.40728","Sweet James Accident Attorneys","+1-877-414-2316","Car Accident","Trucking Accidents","Personal Injury","Motorcycle Accidents","Wrongful Death","Slip and Fall","Spinal Cord","Brain Injury",,,,,,,,,,,,,,,,,,,,,,,,,,,,,,,,,,,,,,,,,,,,,,"https://sweetjames.com/","firm"
"Oakland","US","94607","CA","555 12th Street Suite 1470","California","maggie.karnath@thebarnesfirm.com","NDk4MTk1OF8x","37.8036861","-122.2752692","The Barnes Firm","+1-877-544-2066","Personal Injury","Aviation and Aerospace","Health Care","Personal Injury - Medical Malpractice: Plaintiff","Personal Injury - Products: Plaintiff","Transportation/Maritime","Animal Bites","Aviation Accidents - Plaintiff","Birth Injury","Construction Accident","Delayed or Incorrect Diagnosis","Dental Malpractice","Informed Consent Medical Devices","Medical Malpractice","Motor Vehicle Accidents","Motor Vehicle Defects","Nursing Home","Pharmaceutical","Premises Liability - Plaintiff","Railroad Accident","Sexual Abuse - Plaintiff","Toxic Mold","Trucking Accidents","Wrongful Death",,,,,,,,,,,,,,,,,,,,,,,,,,,,,,"https://www.thebarnesfirm.com/","firm"
"San Francisco","US","94104","CA","354 Pine Street Floor 3","California",,"MTk0MTg4OV8x","37.7921412","-122.4019329","The Brandi Law Firm","+1-888-309-1224","Personal Injury","Bicycle Accidents","Collisions And Defective Cars","Wrongful Death","Elder Abuse","Product Defects",,,,,,,,,,,,,,,,,,,,,,,,,,,,,,,,,,,,,,,,,,,,,,,"5","https://www.brandilaw.com","firm"
"San Francisco","US","94104","CA","235 Montgomery Street Suite 415","California","dhs@lodhs.com","MTY2NjEzOV8x","37.7914352","-122.4026489","David H Schwartz","+1-415-766-9049","Litigation & Appeals","Securities Law",,,,,,,,,,,,,,,,,,,,,,,,,,,,,,,,,,,,,,,,,,,,,,,,,,,,"https://www.lodhs.com/","firm"
"San Francisco","US","94104","CA","315 Montgomery Street 9th Floor","California","teresa@lawofficesofteresali.com","NTE1ODQ1NV8x","37.7921154","-122.4030045","Law Offices of Teresa Li, PC","+1-415-651-2995","Auto Accident","Personal Injury",,,,,,,,,,,,,,,,,,,,,,,,,,,,,,,,,,,,,,,,,,,,,,,,,,,,"http://www.lawofficesofteresali.com/","firm"
"San Francisco","US","94102","CA","870 Market Street Suite 945","California","jon@piperoffices.com","NTM5MDA4NF8x","37.7850838","-122.4076233","Law Offices of Jonathan L. Piper","+1-628-626-7687","Estate Planning","Trusts","Wills","Personal Injury","Civil Litigation","Business Law","Real Estate",,,,,,,,,,,,,,,,,,,,,,,,,,,,,,,,,,,,,,,,,,,,,,,"https://www.piperoffices.com/","firm"
"San Francisco","US","94111","CA","601 Montgomery Street Suite 688","California","fabbrolaw2001@yahoo.com","MzIzNDk5M18x","37.794838","-122.4035756","Law Offices of Steven A. Fabbro","+1-415-906-3756","Personal Injury","Car Accidents","Trucking Accidents","Bicycle Accidents","Pedestrian Accidents","Products Liability","Slip and Fall Accidents","Catastrophic Injury","Traumatic Brain Injury","Wrongful Death",,,,,,,,,,,,,,,,,,,,,,,,,,,,,,,,,,,,,,,,,,,,"https://www.fabbrolaw.com/","firm"
"Oakland","US","94612","CA","1999 Harrison Street Suite 1600","California",,"MjI5NjQ0NF8x","37.8077715","-122.2651434","Gwilliam Ivary Chiosso Cavalli & Brewer","+1-510-823-5411","Employment Law","Personal Injury","Wrongful Death","Civil Rights",,,,,,,,,,,,,,,,,,,,,,,,,,,,,,,,,,,,,,,,,,,,,,,,,,"https://giccb.com/attorneys/rya-m-nelson/,https://www.giccb.com/,https://giccb.com/winston-w-moody/,https://giccb.com/j-gary-gwilliam/,https://giccb.com/randall-e-strauss/,https://giccb.com/jayme-l-walker/,https://giccb.com/robert-j-schwartz/","firm"
"San Francisco","US","94111","CA","388 Market St. Suite 1300","California",,"NTM3NDg1NV8x","37.7853432","-122.3956223","Sweet Lawyers","+1-844-322-5583","Personal Injury","Bicycle Accidents","Brain Injuries","Burn Injuries","Bus Accidents","Car Accidents","Dog Bites","Food Delivery Accident","Motorcycle Accidents","Pedestrian Accidents","Premises Liability","Rideshare Accident","Scooter Accident","Spinal Cord Injury","Truck Accidents","Wrongful Death","Disability Law",,,,,,,,,,,,,,,,,,,,,,,,,,,,,,,,,,,,,"https://www.sweetlaw.com/","firm"
"San Francisco","US","94111","CA","601 Montgomery Street Suite 1208","California","demian@mlolawyers.com","MjA5MDU4MF8x","37.7948363","-122.4035212","Mannion, Lowe, & Oksenendler","+1-415-685-0580","Bad Faith Insurance","Insurance Law",,,,,,,,,,,,,,,,,,,,,,,,,,,,,,,,,,,,,,,,,,,,,,,,,,,,,"firm"
"San Francisco","US","94102","CA","1438 Market St","California","bennettmcohen@gmail.com","NDgyMTYyOV8x","37.7761497","-122.4184494","The Law Offices of Bennett M. Cohen, P.C.","+1-415-230-1800","Bad Faith Insurance","Personal Injury","Disability Insurance Claims",,,,,,,,,,,,,,,,,,,,,,,,,,,,,,,,,,,,,,,,,,,,,,,,,,"5","https://www.bennettmcohen.com/","firm"
"San Francisco","US","94133","CA","536 Pacific Avenue","California","rscarlett@randallscarlett.com","MzM0OTk0Ml8x","37.797474","-122.404347","Scarlett Law Group Injury and Accident Attorneys","+1-415-352-6264","Personal Injury Firm","Brain injury","MVA","Trucking accidents",,,,,,,,,,,,,,,,,,,,,,,,,,,,,,,,,,,,,,,,,,,,,,,,,,"https://www.scarlettlawgroup.com","firm"
"San Francisco","US","94103","CA","95 Third Street 2nd Floor","California","asbestos-inquiries@levylaw.com","NTMwNzU5MV8x","37.7866019","-122.4021831","Levy Konigsberg","+1-646-759-1030","Product Liability and Mesothelioma & Asbestos","Lead Poisoning","Whistleblower","Pharmaceutical Drug/Medical Device","Mass Tort","Personal Injury","Medical Malpractice",,,,,,,,,,,,,,,,,,,,,,,,,,,,,,,,,,,,,,,,,,,,,,,"https://www.levylaw.com","firm"
"San Francisco","US","94102","CA","711 Van Ness Ave. Suite 500","California","leads@forthepeople.com","NTI3Njc0OF8x","37.7821043","-122.4215079","Morgan & Morgan","+1-833-646-1198","Personal Injury","Car Accidents","Labor & Employment","Workers' Compensation","Medical Malpractice","Mesothelioma","Birth Injury","Spinal Cord Injury","Brain Injury","Truck Accidents","Construction Accidents","Debt Collection Harassment","Premises Liability","Dog Bites","Motorcycle Accidents","Veterans' Benefits","Overtime and Wage & Hour","Insurance Claims","Wrongful Death","Social Security Disability (SSD)","Aviation Accidents","Nursing Home & Elder Abuse","Burn Injuries","Personal Injury Protection","Boating Accidents","Maritime & Admiralty","Product Liability","Slip & Fall","Whistleblower",,,,,,,,,,,,,,,,,,,,,,,,,"https://www.forthepeople.com/office-locations/california/san-francisco/?utm_source=FindLaw&utm_medium=LegalDirectory&utm_campaign=SanFrancisco","firm"
"Hayward","US","94541","CA","1260 B Street Suite 140","California",,"NDQxNjIyNl8x","37.6761715","-122.0785522","Law Offices of Patricia Turnage, P.C.","+1-510-470-5044","Personal Injury","Landlord Tenant","Real Estate","Motor Vehicle Accidents","Slip and Fall",,,,,,,,,,,,,,,,,,,,,,,,,,,,,,,,,,,,,,,,,,,,,,,,,,"firm"
"San Francisco","US","94109-5454","CA","1388 Sutter Street Suite 1000","California",,"MjYxMzc1MV8x","37.787645","-122.423065","Goldstein, Gellman, Melbostad, Harris & McSparran, LLP","+1-415-906-2620","Bad Faith Insurance","Insurance Law","Personal Injury","Real Estate","Condominium Creation","Motor Vehicle Accidents","Tenancies in Common","TIC & Condominium Disputes","Employment Discrimination","Landlord/Tenant","Estate Planning","Business Law & Litigation","Probate & Trusts","LGBT Issues",,,,,,,,,,,,,,,,,,,,,,,,,,,,,,,,,,,,,,,,"http://www.sfbadfaithlawyer.com","firm"
"Lafayette","US","94549","CA","3650 Mt. Diablo Blvd. Suite 107","California",,"NTM4NzE3N18x","37.8913307","-122.1272125","McCune Law Group","+1-925-378-5582","Personal Injury","Products Liability","Motor Vehicle Accidents","Consumer Class Actions","Mass Torts","Drugs and Medical Devices","Catastrophic Injuries",,,,,,,,,,,,,,,,,,,,,,,,,,,,,,,,,,,,,,,,,,,,,,,"https://www.mccunelawgroup.com/","firm"
"San Francisco","US","94111","CA","75 Broadway 2nd Floor","California",,"NTMwMjM2MV8x","37.7986603","-122.3992157","Adamson Ahdoot LLP","+1-855-913-5252","Personal Injury","Dog Bites","Product Liability","Motorcycle Accidents","Bicycle Accidents","Nursing Home Abuse / Nursing Home Negligence","Sexual Assault","Slip & Fall","Premise Liability","Wrongful Death","Catastrophic Injuries","Brain Injury","Spinal Injury","Car Accident","Motor Vehicle Accident","Rideshare Accident","Scooter Accident","Bicycle Accident","Trucking Accident","Wildfire Litigation",,,,,,,,,,,,,,,,,,,,,,,,,,,,,,,,,,"https://adamsonahdoot.lawfirms.com/personal-injury","firm"
"Burlingame","US","94010","CA","San Francisco Airport Office Center 840 Malcolm Road Suite 200","California",,"MTkzMTk2Ml8x","37.6003838","-122.3719656","Cotchett, Pitre & McCarthy, LLP","+1-866-553-9736","Personal Injury",,,,,,,,,,,,,,,,,,,,,,,,,,,,,,,,,,,,,,,,,,,,,,,,,,,,,"https://www.cpmlegal.com/","firm"
"San Mateo","US","94402-1447","CA","700 South Claremont Street Suite 101","California",,"MTkwMzE0MV8x","37.5640096","-122.3185907","The Law Offices of Vincent J. Scotto, III","+1-650-375-2301","Workers' Compensation",,,,,,,,,,,,,,,,,,,,,,,,,,,,,,,,,,,,,,,,,,,,,,,,,,,,,"https://www.scottolaw.com,https://www.scottolaw.com/","firm"
"San Francisco","US","94109","CA","1388 Sutter Street #1210","California",,"NDkwNjc5Nl8x","37.7875693","-122.4231006","Law Offices of Moss & Hough","+1-415-653-7009","Labor and Employment","Wage",,,,,,,,,,,,,,,,,,,,,,,,,,,,,,,,,,,,,,,,,,,,,,,,,,,,"https://www.mhlegal.net","firm"
"Redwood City","US","94065","CA","333 Twin Dolphin Drive Suite 145","California",,"NDUyMzU4OV8x","37.5221443","-122.2574081","Danko Meredith, Trial Lawyers","+1-650-427-0924","Wrongful Death","Catastrophic Injury","Aviation Litigation (emphasis on high-stakes plane crash lawsuits)","Explosion and Fire-Related Burn Injuries","Traumatic Brain Injury","Aircraft and Helicopter Crashes","Utility & Wildfire Litigation","Mass Transit Accidents","Pedestrian","Motorcycle and Bicycle Accidents & Injuries","Damages Due to Corporate Negligence","Rideshare Accident","Uber/Lyft Driver Assault","Commercial Truck Accidents","Product Defects","Severe Motor Vehicle Accidents","Spinal Cord Injury","Bad Faith Insurance","Personal Injury","Business Torts",,,,,,,,,,,,,,,,,,,,,,,,,,,,,,,,,,"https://www.dankolaw.com/","firm"
"Walnut Creek","US","94596","CA","2121 North California Boulevard Suite 875","California",,"MjA1MDY4MF8x","37.9085922","-122.0664749","Bowles & Verna LLP","+1-925-478-5763","Employment Law","Personal Injury","MVA","Business Litigation","Will and Trusts",,,,,,,,,,,,,,,,,,,,,,,,,,,,,,,,,,,,,,,,,,,,,,,,,"https://www.bowlesverna.com","firm"
"Walnut Creek","US","94597","CA","2540 Camino Diablo Suite 201","California",,"NDc1MTA4Ml8x","37.8972359","-122.0748596","Law Office of Michael E. Gatto PC","+1-925-587-9949","Motor Vehicle Accident","Personal Injury","Medical Malpractice",,,,,,,,,,,,,,,,,,,,,,,,,,,,,,,,,,,,,,,,,,,,,,,,,,"5","https://www.gattopc.com","firm"
"San Francisco","US","94104","CA","235 Montgomery Street Suite 1019","California",,"NDgyODQzOV8x","37.7912822","-122.4028914","The Law Offices of Daniel Feder","+1-877-557-5609","Employment Law","Discrimination","Sexual Harassment","Retaliation and Whistleblower","Wage & Hour Violations","Personal Injury","Motor Vehicle Accident","Catastrophic Injuries","Medical Malpractice","Wrongful Death",,,,,,,,,,,,,,,,,,,,,,,,,,,,,,,,,,,,,,,,,,,"5","https://www.dfederlaw.com/,https://www.dfederlaw.com","firm"
"Richmond","US","94806","CA","3150 Hilltop Mall Road","California",,"NDg1OTcxM18x","37.9803816","-122.3238442","Wells Call Injury Lawyers","+1-707-416-2780","Personal Injury","Car Accident","Motor vehicle accidents","Wrongful Death","Dog Bites","Slip and Fall",,,,,,,,,,,,,,,,,,,,,,,,,,,,,,,,,,,,,,,,,,,,,,,,"https://www.wccbc.com/","firm"
"Mill Valley","US","94941","CA","591 Redwood Highway Suite 400","California","info@zinn-law.com","Mzg1ODQ5MF8x","37.8888916","-122.5182929","The Zinn Law Firm","+1-415-766-0496","Personal Injury",,,,,,,,,,,,,,,,,,,,,,,,,,,,,,,,,,,,,,,,,,,,,,,,,,,,,"http://www.zinn-law.com","firm"
"San Francisco","US","94102","CA","211 Gough Street Third Floor","California",,"MTYzNjk4MV8x","37.7753302","-122.4229002","Tour-Sarkissian Law Offices, LLP","+1-415-626-7744","Real Estate","Business","Probate","Estate Planning","Business & Commercial Law","Business Organizations","Divorce","Trusts","Family Law","Restaurant Law","Immigration","Civil and Business Litigation","Private International Law","Accidents and Personal Injuries","Real Estate Law","Business Law",,,,,,,,,,,,,,,,,,,,,,,,,,,,,,,,,,,,,,"https://www.tslo.com","firm"
"Pleasant Hill","US","94523","CA","2255 Contra Costa Blvd. Suite 202A","California",,"NDk4NDAxOV8x","37.9458188","-122.0607511","Tuttle & McCloskey, PC","+1-559-500-3393","Education Law",,,,,,,,,,,,,,,,,,,,,,,,,,,,,,,,,,,,,,,,,,,,,,,,,,,,,"https://www.tuttleandmccloskey.com","firm"
"Mill Valley","US","94941","CA","110 E. Blithedale Avenue Suite B","California",,"NDk1NTI2Ml8x","37.9053154","-122.5445786","Collier Law Firm","+1-628-600-7204","Employment Law","Personal Injury",,,,,,,,,,,,,,,,,,,,,,,,,,,,,,,,,,,,,,,,,,,,,,,,,,,"5","https://www.collierlawsf.com","firm"
"Pleasanton","US","94588","CA","4900 Hopyard Road West Lobby - Suite 100","California",,"NTI0MjMzNF8x","37.6935043","-121.904747","John Park Law","+1-702-936-6948","Estate Planning","Probate & Estate Administration","Wills","Trusts","Elder Law","Guardianship","Business Law","Business and Commercial Law","Personal Injury",,,,,,,,,,,,,,,,,,,,,,,,,,,,,,,,,,,,,,,,,,,,"5","https://www.johnparklawfirm.com/","firm"
"Concord","US","94520","CA","Old Bank Building 2001 Salvio Street, Suite 25","California",,"MTM3MzAzOV8x","37.9771789","-122.0357213","Goforth & Lucas Law Partnership","+1-925-265-8964","Workers’ Compensation",,,,,,,,,,,,,,,,,,,,,,,,,,,,,,,,,,,,,,,,,,,,,,,,,,,,,"https://www.goforthlucas.com","firm"
"Redwood City","US","94063-1824","CA","702 Marshall Street Suite 300","California",,"MzI2MTg2OV8x","37.4874802","-122.2279943","Michael E. Adams Law Offices","+1-650-599-9463","Administrative Law","Civil Rights","Discrimination","Employment Law -- Employee","Government Agencies & Programs","Labor Law","Litigation & Appeals","Medical Malpractice","Motor Vehicle Accidents -- Plaintiff","Native Peoples Law","Nursing Home","Personal Injury -- Plaintiff","Sexual Harassment",,,,,,,,,,,,,,,,,,,,,,,,,,,,,,,,,,,,,,,,,"http://www.michaeleadams.com/","firm"
"Lafayette","US","94549","CA","3445 Golden Gate Way","California",,"NTM4MzU0M18x","37.8917694","-122.1130676","Van Blois & Associates","+1-510-343-9570","Personal Injury","Motor Vehicle Accidents","Product Liability","Wrongful Death",,,,,,,,,,,,,,,,,,,,,,,,,,,,,,,,,,,,,,,,,,,,,,,,,,"https://www.vanbloislaw.com","firm"
"Livermore","US","94550","CA","2222 Second St. Suite 14","California","martin@maisonlaw.com","NTI0MjQ1NF8x","37.6812745","-121.7681783","Maison Law","+1-888-913-8438","Personal Injury","Personal Injury - Motor Vehicle Accidents",,,,,,,,,,,,,,,,,,,,,,,,,,,,,,,,,,,,,,,,,,,,,,,,,,,,"https://maisonlaw.com/","firm"
"Newark","US","94560","CA","3900 Newpark Mall Road Third Floor","California","dbonaccorsi@3blawfirm.com","MjI0MTAyM18x","37.5251042","-122.0047706","Bernard, Balgley & Bonaccorsi, LLP","+1-510-556-3084","Family Law","Real Estate Law","Landlord Tenant","Contracts","Civil Litigation","Probate","Estate Planning",,,,,,,,,,,,,,,,,,,,,,,,,,,,,,,,,,,,,,,,,,,,,,,"http://www.3blawfirm.com/","firm"
"San Ramon","US","94583","CA","2603 Camino Ramon Suite 200","California","kghantous@glawcorp.com","NDU5NzE5NV8x","37.7676949","-121.9591641","Ghantous Law Corporation","+1-925-242-2431","Real Estate Litigation 5%","Civil & Commercial Litigation Defense 15%","Civil and Premises Liability Defense 15%","Construction Accidents 5%","Construction Defects 5%","Independent Counsel 5%","Insurance Litigation 5%","Personal Injury Defense 5%","HOA Defense 5%","Construction Litigation 5%","Automobile Accidents 5%","Wrongful Death 5%",,,,,,,,,,,,,,,,,,,,,,,,,,,,,,,,,,,,,,,,,"4.8","http://www.glawcorp.com","firm"
"Antioch","US","94531","CA","3440 Hillcrest Ave Suite 200","California",,"MjIzMDkwNV8x","37.986763","-121.7805862","Ivancich & Costis, LLP","+1-866-432-2133","Workers' Compensation 90%","Social Security - Disability 5%","Personal Injury 5%",,,,,,,,,,,,,,,,,,,,,,,,,,,,,,,,,,,,,,,,,,,,,,,,,,"4.7","https://www.icworkinjury.com","firm"
"Walnut Creek","US","94596","CA","1299 Newell Hill Pl Suite 301","California",,"NDg3NzYzOF8x","37.8938179","-122.0536652","Sumner Law","+1-925-464-1593","Motor Vehicle Accident","Personal Injury","Wrongful Death","Other Personal Injuries and Trucking Accidents",,,,,,,,,,,,,,,,,,,,,,,,,,,,,,,,,,,,,,,,,,,,,,,,,"5","https://www.sumnerlawyers.com/","firm"
"Pacifica","US","94044","CA","242 Marvilla Circle","California","frank@frankadam.com","MzIzMTY1NF8x","37.593018","-122.49726","Frank Gerald Adam, Attorney, CPA","+1-650-738-1462","Business and Commercial Law","Contracts","Estate Planning","Litigation","Personal Injury","Real Estate","Taxation","Trusts","Wills","Probate",,,,,,,,,,,,,,,,,,,,,,,,,,,,,,,,,,,,,,,,,,,,"http://www.frankadamcpa.com","firm"
"San Jose","US","95110","CA","333 W San Carlos Street","California","jacob@thehlawgroup.com","NTM5MDAwNl8x","37.3288727","-121.8935776","The H Law Group","+1-844-498-7891","DUI/DWI","Criminal Defense","Violent Crimes","Theft Crimes","Marijuana DUI","Domestic Violence","Drug Crimes","Firearm Crimes","Juvenile Crimes","Felony DUI","Alcohol DUI","Xanax DUI","Painkiller DUI","Ambien DUI","Drug DUI","General Crimes","Reckless Driving","Battery","Drug Possession","Firearm Violation","Suspended License","DUI Programs","Auto Accidents","Truck Accidents","Rideshare Accident",,,,,,,,,,,,,,,,,,,,,,,,,,,,,"https://www.thehfirm.com/","firm"
"San Jose","US","95124","CA","1900 Camden Ave. Suite 101","California",,"NTMyOTY2NF8x","37.2613945","-121.9237137","Asadi Law","+1-855-732-3032","Personal Injury","Medical Malpractice","Car Accidents","Slip and Fall","Accidents & Injuries","Motor Vehicle Accidents -- Plaintiff","Trucking Accidents",,,,,,,,,,,,,,,,,,,,,,,,,,,,,,,,,,,,,,,,,,,,,,"5","https://www.asadilaw.com","firm"
"Rohnert Park","US","94928","CA","75 Executive Avenue Suite 3","California","scott@northbayjustice.com","NTI2NjIzMF8x","38.3551674","-122.7105637","North Bay Justice, APC","+1-707-596-7184","Personal Injury","Motor Vehicle Accidents","Business Lawyer","Landlord-Tenant Disputes","Contract Law: Breach Litigation | Review & Drafting","Brain Injuries","Drunk Driver","Motorcycle Accidents",,,,,,,,,,,,,,,,,,,,,,,,,,,,,,,,,,,,,,,,,,,,,"5","https://northbayjustice.com/","firm"
"Greenbrae","US","94904","CA","100 Drakes Landing Road Suite 160","California",,"NTIzNDg5M18x","37.9432226","-122.5180463","Wisner Baum LLP","+1-888-795-5399","Accidents & Injuries","Personal Injury -- Plaintiff","Aviation Accidents","Boating Accidents","Product Liability","Brain Injury","Whistleblower","Wrongful Death","Motor Vehicle Accidents",,,,,,,,,,,,,,,,,,,,,,,,,,,,,,,,,,,,,,,,,,,,,"https://www.wisnerbaum.com/","firm"
"Walnut Creek","US","94598","CA","2125 Oak Grove Road Suite 210","California",,"MjAxMTQyN18x","37.9304562","-122.0183086","Bold, Polisner, Maddow, Nelson, & Judson, A Professional Corporation","+1-925-933-7777","Estate Planning","Civil Litigation","Probate","Trust Administration","Trust & Estate Litigation","Conservationships & Guardianships","Construction Law","Personal Injury","Elder Law",,,,,,,,,,,,,,,,,,,,,,,,,,,,,,,,,,,,,,,,,,,,"5","https://www.bpmnj.com","firm"
"Santa Rosa","US","95403","CA","415 Russell Avenue","California",,"NDI3MzU4MV8x","38.469839","-122.72367","Hansen & Miller Law Firm","+1-707-387-0966","Criminal Defense 50%","Personal Injury 50%","Fire Litigation",,,,,,,,,,,,,,,,,,,,,,,,,,,,,,,,,,,,,,,,,,,,,,,,,,,"https://www.hansenmiller.com","firm"
"Stockton","US","95202","CA","343 E. Main Street","California","info@capcitylaw.com","NTM1MzQwNl8x","37.9535065","-121.2864685","Eason & Tambornini, A Law Corporation","+1-916-438-1819","Personal Injury","Workers Compensation","Brain Injury","Bicycle Accident","Construction Accidents","Car Accident","Catastrophic Injury","Wrongful Death",,,,,,,,,,,,,,,,,,,,,,,,,,,,,,,,,,,,,,,,,,,,,,"https://www.capcitylaw.com/","firm"
"Santa Rosa","US","95401-6334","CA","438 1st Street, 4th Floor Suite 400","California","elwood@perrylaw.net","MTU1OTk2Nl8x","38.4374504","-122.714284","Perry, Johnson, Anderson, Miller & Moskowitz LLP","+1-707-525-8800","Family","Civil Litigation","Business Law","Employment/Labor Law","Estate Planning","Probate","Land Use","Real Estate","Personal Injury","Habitablity",,,,,,,,,,,,,,,,,,,,,,,,,,,,,,,,,,,,,,,,,,,,"http://www.perrylaw.net","firm"
"Greenbrae","US","94904","CA","336 Bon Air Center Suite 337","California",,"NDg0NTQ5Nl8x","37.9455223","-122.5222549","Haberkorn & Associates","+1-650-447-2140","Personal Injury",,,,,,,,,,,,,,,,,,,,,,,,,,,,,,,,,,,,,,,,,,,,,,,,,,,,,"https://www.matthewhaberkorn.com","firm"
"Novato","US","94945","CA","800 DeLong Ave. Suite 101","California",,"MjA0OTk5N18x","38.1059189","-122.5668411","Thomas P. McNally Law Offices","+1-415-985-7216","Family Law & Divorce","Consumer Bankruptcy, Chapters 7 & 13","Criminal Defense, Including Felonies, Misdemeanors & DUI's","Serious Personal Injury, Accidents & Wrongful Death",,,,,,,,,,,,,,,,,,,,,,,,,,,,,,,,,,,,,,,,,,,,,,,,,,"http://tommcnallylaw.com","firm"
"Modesto","US","95354","CA","1030 15th St","California",,"NTM4MzQ5MF8x","37.6450806","-120.9963531","Sodhi Law Group","+1-209-901-5733","DUI/DWI","Criminal Law","Personal Injury","Motor Vehicle Accident",,,,,,,,,,,,,,,,,,,,,,,,,,,,,,,,,,,,,,,,,,,,,,,,,,"https://www.sodhilawgroup.com/","firm"
"Santa Rosa","US","95401","CA","400 College Avenue","California","btf@flahavanlaw.com","NTIwNzkyNV8x","38.4455223","-122.7202454","Flahavan Law Offices","+1-707-612-9393","Personal Injury","Car Accidents","Motorcycle Accidents","Trucking Accidents","Slip/Trip and Fall","Industrial Accidents","Dog Bites","Wrongful Death",,,,,,,,,,,,,,,,,,,,,,,,,,,,,,,,,,,,,,,,,,,,,,"https://www.flahavanlaw.com/","firm"
"Modesto","US","95354","CA","931 10th Street","California","ramita@burg-brock.com","NTM4NTEwOF8x","37.6398544","-121.0000687","Law Offices of Burg & Brock, Inc.","+1-818-935-6228","Personal Injury","Auto Accidents","Wrongful Death","Trucking Accidents","Work Accidents","Uber & Lyft Accidents",,,,,,,,,,,,,,,,,,,,,,,,,,,,,,,,,,,,,,,,,,,,,,,,"https://uberlawyer.com/,https://legaldefenders.com/","firm"
"Modesto","US","95354-2332","CA","928 12th Street Suite 200","California",,"MTc4NzAwNF8x","37.6418132","-120.9980118","Brunn & Flynn","+1-209-521-2133","Administrative Law","Business & Commercial Law","Business Organizations","Constitutional Law","Discrimination","Construction Law","Employment Law -- Employee","Child Support","Custody & Visitation","Divorce","Personal Injury -- Plaintiff","Motor Vehicle Accidents -- Plaintiff","Trusts","Wills","Products Liability Law","Appellate Practice","Arbitration/Mediation","Business Law","Cal/OSHA Law","Civil Litigation","Commercial Law","Condemnation Law","Contract Law","Corporate Law","Employment Law","Environmental/Toxic Tort Law","Estate Planning and Trusts","Family Law","Government Tort Liability","Insurance Defense/Coverage","Labor Law","Limited Liability Companies Law","Mechanics' Liens","Partnerships","Personal Injury and Property Damage","Probate","Products Liability","Professional Errors and Omissions","Public Utility Law","Real Estate Law","Wrongful Death",,,,,,,,,,,,,"http://www.brunnandflynnlaw.com","firm"
"Modesto","US","95354","CA","1301 I St.","California","grai@railawfirm.com","NDkwOTQ3M18x","37.6417125","-120.9962756","Rai Law Firm","+1-209-846-3457","Family Law","Personal Injury","Bankruptcy","Criminal Law",,,,,,,,,,,,,,,,,,,,,,,,,,,,,,,,,,,,,,,,,,,,,,,,,"5","http://www.railawfirms.com","firm"
"Sacramento","US","95814","CA","555 Capitol Mall Suite 755","California","rich@rmalawgroup.com","NDU5ODEwMl8x","38.5789528","-121.5006409","The Law Office of Richard M. Abdallah","+1-916-407-0894","Family Law","Divorce","Child Custody & Visitation","Child and Spousal Support","Property Division","Mediation",,,,,,,,,,,,,,,,,,,,,,,,,,,,,,,,,,,,,,,,,,,,,,,"1","http://www.rmalawgroup.com/","firm"
"Sacramento","US","95811","CA","2000 L Street #225","California",,"NTE5NDgxM18x","38.5742323","-121.4807204","Rosenthal Law","+1-916-774-7200","Motor Vehicle Accidents - Plaintiff","Wrongful Death - Plaintiff","Personal Injury - Plaintiff","Products Liability","Motor Vehicle Defects","Truck Accident","Animal Bites",,,,,,,,,,,,,,,,,,,,,,,,,,,,,,,,,,,,,,,,,,,,,,,"https://www.rosenthalinjurylaw.com/","firm"
"Sacramento","US","95816","CA","2207 J Street","California",,"NDg2NDMxM18x","38.5761031","-121.4767185","Law Offices of Larry S. Buckley","+1-530-982-0096","Accidents & Injuries","Personal Injury","Car Accidents","Motor Vehicle Accidents -- Plaintiff","Personal Injury -- Plaintiff",,,,,,,,,,,,,,,,,,,,,,,,,,,,,,,,,,,,,,,,,,,,,,,,,"https://www.larrysbuckley.com/","firm"
"Santa Cruz","US","95060","CA","815 Brisa Del Mar","California",,"MzUyODQ2OF8x","37.0347366","-122.1620941","Willoughby Law Firm, Inc.","+1-415-870-2778","Medical Malpractice 95%","Personal Injury 5%",,,,,,,,,,,,,,,,,,,,,,,,,,,,,,,,,,,,,,,,,,,,,,,,,,,"0.5","https://www.willoughbyfirm.com","firm"
"Sacramento","US","95811","CA","2014 Capitol Ave #100","California",,"NTM4Nzk2NF8x","38.5729599","-121.480835","DJC Law","+1-916-915-9701","Personal Injury 100%","Trucking Accidents","Motor Vehicle Accidents","Wrongful Death","Dog Attacks",,,,,,,,,,,,,,,,,,,,,,,,,,,,,,,,,,,,,,,,,,,,,,,,,"https://teamjustice.com/","firm"
"Sacramento","US","95825","CA","333 University Avenue Suite 200 - #7708","California",,"NTI2NDUzOF8x","38.5709577","-121.4166859","The Shirvanian Law Firm","+1-818-824-5188","Personal Injury","Animal Bites","Motor Vehicle Accidents","Premises Liability","Truck Accidents","Wrongful Death",,,,,,,,,,,,,,,,,,,,,,,,,,,,,,,,,,,,,,,,,,,,,,,,"https://www.shirvanianlawfirm.com/","firm"
"Folsom","US","95630","CA","600 Coolidge Dr Suite 190","California",,"NTI2NTY0Ml8x","38.660659","-121.182599","Triumph Law","+1-916-970-3974","Personal Injury",,,,,,,,,,,,,,,,,,,,,,,,,,,,,,,,,,,,,,,,,,,,,,,,,,,,"4.8","https://www.triumphlaw.com/","firm"
"Aptos","US","95003","CA","311 Bonita Drive","California",,"MjYzMDgxMV8x","36.9743729","-121.8866348","Haselton, Haselton & Liddicoat LLP","+1-831-726-4769","Estate Planning","Personal Injury","Construction Litigation","Real Property","Wrongful Death","Civil Settlements","Business Litigation","Civil Litigation",,,,,,,,,,,,,,,,,,,,,,,,,,,,,,,,,,,,,,,,,,,,,"5","https://www.hhllawyers.com","firm"
"Rocklin","US","95765","CA","2205 Plaza Drive Suite 225","California",,"NDU4ODk1M18x","38.7949056","-121.2711316","Schroeder Schaff & Low","+1-916-672-6558","Civil Law",,,,,,,,,,,,,,,,,,,,,,,,,,,,,,,,,,,,,,,,,,,,,,,,,,,,,"https://www.sslfirm.com","firm"
"Auburn","US","95603","CA","1155 High Street","California","jamesmoorelawfirm@gmail.com","NTIzNjQ0Nl8x","38.8966493","-121.0716015","Law Office of James K. Moore","+1-530-548-1051","Personal Injury","Family Law","Divorce","Child Custody","Child Support","Mediation","Motor Vehicle Accidents","Dog Bites",,,,,,,,,,,,,,,,,,,,,,,,,,,,,,,,,,,,,,,,,,,,,"5","https://jamesmoorelawfirm.com/","firm"
"Sonora","US","95370","CA","67 Linoberg Street Suite B","California",,"NTM2MzI3Ml8x","37.9836807","-120.3836517","Chenault Law","+1-209-507-0473","Family Law","Divorce Law","Personal Injury",,,,,,,,,,,,,,,,,,,,,,,,,,,,,,,,,,,,,,,,,,,,,,,,,,,"https://chenaultlaw.com/","firm"
"Roseville","US","95661","CA","3500 Douglas Boulevard Suite 100","California",,"MzM5MjI1NV8x","38.7433778","-121.2312473","Powers Miller Attorneys at Law","+1-916-827-2512","Insurance Defense","Personal Injury Defense","Personal Injury","Insurance Litigation","Homeowner","Homeowner's Insurance","Slip & Fall",,,,,,,,,,,,,,,,,,,,,,,,,,,,,,,,,,,,,,,,,,,,,,"0.5","https://www.powersmiller.com","firm"
"Rancho Cordova","US","95742","CA","3480 Sunrise Blvd Suite 101","California","ageorge@kaass.com","NTMyOTk0Nl8x","38.5758362","-121.2600479","KAASS LAW","+1-866-575-1028","Personal Injury","Motor Vehicle Accidents","Motorcycle Accidents","Wrongful Death","California Wildfires","Medical Malpractice","Sports Injuries","Workplace Injuries","Premises Liability","Product Liability","Rideshare Accidents","Dog Bite","Slip and Fall","Pedestrian Accidents",,,,,,,,,,,,,,,,,,,,,,,,,,,,,,,,,,,,,,,,"https://www.kaass.law/","firm"
"Sacramento","US","95825","CA","775 University Avenue","California","rob@pieringlawfirm.com","MTQ1NDM5M18x","38.5653442","-121.419728","Piering Law Firm","+1-916-964-3081","Personal Injury-Plaintiff","Car Accidents","Bicycle Accidents","Boating Accidents","Motorcycle Accidents","Auto Product Liability","Catastrophic Injuries","Defective Products","Insurance Claims","Premises Liability","Truck Accidents","Pedestrian Accident","Nursing Home & Elder Abuse","Wrongful Death",,,,,,,,,,,,,,,,,,,,,,,,,,,,,,,,,,,,,,,,"https://www.pieringlawfirm.com/","firm"
"Sacramento","US","95814","CA","455 Capitol Mall Suite 317","California","dale@dalegomeslaw.com","NTE4Mjk1NF8x","38.5792542","-121.50177","The Law Offices of Dale R. Gomes","+1-916-982-3454","Personal Injury","Auto Accidents","Bicycle Accidents","Bus Accidents","Drunk Drivers Accidents","Motorcycles Accidents","Pedestrian Accidents","Truck Accidents","Nursing Home Negligence","Product Liability","Slip & Fall","Dog Bites","Wrongful Death",,,,,,,,,,,,,,,,,,,,,,,,,,,,,,,,,,,,,,,,"4.7","https://www.dalegomeslaw.com/","firm"
"Roseville","US","95678-2310","CA","100 Estates Drive","California","etuttle@gidsontuttlelaw.com","MTI4MzYzMV8x","38.7474805","-121.2762941","Gibson & Tuttle","+1-916-945-2707","Estate Planning","Trusts","Wills",,,,,,,,,,,,,,,,,,,,,,,,,,,,,,,,,,,,,,,,,,,,,,,,,,,"http://www.gibsontuttlelaw.com","firm"
"Nevada City","US","95959","CA","224 Church St.","California","kenny@thewinlawfirm.com","NTM2NDUyNl8x","39.263485","-121.0178299","The Win Law Firm","+1-530-800-3760","Criminal Defense","DUI","Felony","Misdemeanors","Juvenile Delinquency or Criminal Defense for Minors","Personal Injury","Car Accidents","Trucking Accidents","Premises Liability","Wrongful Death",,,,,,,,,,,,,,,,,,,,,,,,,,,,,,,,,,,,,,,,,,,"5","https://www.thewinlawfirm.com/","firm"
"Fresno","US","93711","CA","6780 N. West Ave. Suite 102","California",,"NTA3MDIxMF8x","36.8368248","-119.8250407","Todd B. Barsotti, A Professional Law Corporation","+1-559-354-9831","Employment Litigation","Personal Injury","Insurance Litigation","Business Litigation","Agribusiness","Employment Law","Motor Vehicle Accidents","Discrimination","Wrongful Death","Premises Liability","Products Liability Law","Insurance Law","Bad Faith Insurance","Business & Commercial Law","Business Organizations","Litigation & Appeals","Trucking Accidents","Construction Accidents",,,,,,,,,,,,,,,,,,,,,,,,,,,,,,,,,,,,"http://www.barsotti-law.com/,https://www.barsotti-law.com","firm"
"Ukiah","US","95482","CA","211 W. Standley Street","California","lawoffice@kindopplaw.com","NTEzNDA5N18x","39.1502194","-123.2093073","Law Office of David M. Kindopp","+1-707-520-0646","Personal Injury","Business & Corporate Law","Real Estate Law","Family Law","Divorce","Civil Law","Wills, Trusts & Estate Planning",,,,,,,,,,,,,,,,,,,,,,,,,,,,,,,,,,,,,,,,,,,,,,,"https://www.mendocinocountyattorney.com","firm"
"El Segundo","US","90245","CA","880 Apollo Street Suite 334","California",,"NTM5MTU3Ml8x","33.9028816","-118.3856812","J. Hartley Law Personal Injury Lawyers","+1-323-859-6997","Personal Injury","Vehicle Accidents Personal Injury","Brain Injury","Slip & Fall","Pedestrian Accidents","Car Accidents","Wrongful Death","Motorcycle Accidents","Trucking Accidents","Ride Share Accidents",,,,,,,,,,,,,,,,,,,,,,,,,,,,,,,,,,,,,,,,,,,,"https://www.avvo.com/attorneys/90245-ca-jura-hartley-351500.html,https://www.jhartleylawapc.com/","firm"
"Newport Beach","US","92660","CA","4220 Von Karman Ave. Suite 200","California","maria@flexmediaagency.com","NTM4OTU0M18x","33.6628494","-117.8616791","Sweet James Accident Attorneys","+1-877-414-2316","Car Accident","Trucking Accidents","Personal Injury","Motorcycle Accidents","Wrongful Death","Slip and Fall","Spinal Cord","Brain Injury",,,,,,,,,,,,,,,,,,,,,,,,,,,,,,,,,,,,,,,,,,,,,,"https://sweetjames.com/","firm"
"El Segundo","US","90245","CA","2298 E. Maple Avenue","California","ljf@baattorneys.com","Mzk1MjA3M18x","33.9268303","-118.3858871","Barrera & Associates, Attorneys","+1-424-352-0716","Employment","Wrongful Termination","Sexual Harassment","Workplace Discrimination","Age Discrimination","LGBTQ+ Discrimination","Pregnancy Discrimination","Race And National Origin Discrimination","Workplace Retaliation","Wage & Hour Claims","Car Accidents","Brain Injuries","Spinal Cord Injuries","Wrongful Death Claims",,,,,,,,,,,,,,,,,,,,,,,,,,,,,,,,,,,,,,,,"https://www.baattorneys.com","firm"
"Torrance","US","90503","CA","3820 Del Amo Blvd Ste. 304","California","david@gammill.law","NTE0OTYwMF8x","33.8479996","-118.3545532","Gammill Law","+1-310-464-2159","Personal Injury",,,,,,,,,,,,,,,,,,,,,,,,,,,,,,,,,,,,,,,,,,,,,,,,,,,,,"https://www.gammill.law/","firm"
"Pasadena","US","91101","CA","225 S Lake Ave #1100","California","fmcnally@mbattorneys.com","MzMwODY0N18x","34.1420135","-118.1335373","McNally Law Offices","+1-626-389-8590","Personal Injury","Car Accident","Nursing Home Abuse","Premises Liability","Trucking Accidents","Wrongful Death",,,,,,,,,,,,,,,,,,,,,,,,,,,,,,,,,,,,,,,,,,,,,,,"5",,"firm"
"Beverly Hills","US","90210","CA","407 N. Maple Drive Ground Floor","California","amuhtar@crownandstonelaw.com","NTM0NDIzM18x","34.0763283","-118.3942795","Crown & Stone Law, P.C. - Accident and Injury Lawyers","+1-310-731-4769","Car Accident","Personal Injury",,,,,,,,,,,,,,,,,,,,,,,,,,,,,,,,,,,,,,,,,,,,,,,,,,,"5","https://crownandstonelaw.com/","firm"
"Encino","US","91436","CA","16200 Ventura Blvd. Suite 315","California",,"NTM1ODQyMF8x","34.1562424","-118.4855728","HHJ Trial Attorneys","+1-619-344-0895","Personal Injury","Car Accidents","Trucking Accidents","Wrongful Death","Slip and Fall","Dog Bites","Brain Injury","Sexual Abuse",,,,,,,,,,,,,,,,,,,,,,,,,,,,,,,,,,,,,,,,,,,,,,"https://hhjtrialattorneys.com/","firm"
"San Bernardino","US","92401","CA","290 N. D Street #901","California",,"MjE0MDE5MF8x","34.1041718","-117.2923126","Kampf, Schiavone & Associates","+1-909-295-4605","Personal Injury","Fatal workplace accident","Scaffolding Accident","Workplace injury","Forklift injury","Medical Malpractice",,,,,,,,,,,,,,,,,,,,,,,,,,,,,,,,,,,,,,,,,,,,,,,,"https://www.ksa-atty.com/","firm"
"Anaheim","US","92806","CA","2401 East Katella Ave #630","California",,"MzI1MDAxMV8x","33.8063965","-117.8832474","Law Offices of Shahnaz Hussain","+1-714-683-1756","Family Law",,,,,,,,,,,,,,,,,,,,,,,,,,,,,,,,,,,,,,,,,,,,,,,,,,,,,"https://shussainlaw.com/","firm"
"Alhambra","US","91801","CA","388 E. Valley Blvd. Suite 207","California",,"NTI1NTY1OV8x","34.0785348","-118.1188311","Becker Law Group","+1-626-631-5023","Personal Injury",,,,,,,,,,,,,,,,,,,,,,,,,,,,,,,,,,,,,,,,,,,,,,,,,,,,,"https://www.beckerlawgroup.com/","firm"
